"","size","promo_units_per","high_med_gp","velocityA_units_per","velocityB_units_per","velocityC_units_per","velocityD_units_per","velocityNEW_units_per","energy_units_per","regularBars_units_per","gum_units_per","bagpegCandy_units_per","isotonics_units_per","singleServePotato_units_per","takeHomePotato_units_per","kingBars_units_per","flatWater_units_per","psd591Ml_units_per"
"1",0.973080814740268,-0.965089400764655,0.941670507609824,-1.09990580903411,0.714933658231099,1.12229310791134,0.944523105857624,-0.525963840433562,-0.931491043823171,-0.635907958484362,-1.20424942613564,0.711516087489813,-0.559293300906699,0.605953928403816,0.72297994209186,-0.107496530737319,1.16369370144335,0.360132506426136
"2",-2.07691600729879,0.209983721467304,-1.30276393208184,1.97913883882939,-1.21351814159694,-2.05434444076437,-1.32062712101729,-0.848185151008954,0.749439484460264,-0.188015818947674,0.75760972512138,-2.0313089791613,1.01819204717178,0.324295463458046,-1.67958124774876,1.33795525853507,0.00720440804831943,0.238323669481645
"3",-0.493707612727146,-0.475715535250667,-0.593351443037873,0.338514379131434,-0.501372361789327,-0.204722527512063,0.0857553420056475,0.228885987215307,-0.326665787630898,0.486391019007869,0.876844676577587,-0.37185169024813,-0.642007523153256,0.16954327588975,-0.65311598268705,0.152434383639947,0.752925613900217,-1.06087827653512
"4",0.321952246027088,0.0217017293951011,0.190572639400218,-0.632943352581365,0.776306135383402,0.465663111236365,0.0129299239310151,0.162129988660951,-0.420705761426464,-0.0236157415284986,-0.591194517663855,0.511683356282859,0.187800183001596,0.0846345222113135,0.164937139537447,0.100074700156719,-0.451336154506192,0.425425101125976
"5",0.541882105658541,0.355125818014928,0.612629140564368,0.424705345317181,-0.889464466873643,0.0004690680397428,-0.0179281268762098,0.561294045346372,1.20907035035105,-0.392116152679766,0.575620688415627,-0.132137411458876,-0.186214993832308,-0.270427361541304,0.702746573726926,-0.997839809234346,-0.319939450539145,-0.312299001790309
"6",-0.833480249978776,0.854150684772587,-0.853010531850423,0.567576532335833,-0.0486820380576263,-0.89663972294513,-0.45935193473454,-0.369161761518627,0.247394368387275,0.69499659869959,0.345192302867659,-0.270318024319106,0.658137182270556,-0.711217307395203,-0.493984160250126,0.422963933346763,-0.661240307354802,0.237667249616329
